{
    "system_data": {
        "hand": "Left",
        "shaft_angle": 95.0,
        "ratio": 3.263157894736842,
        "hypoid_offset": 0,
        "E": 0.0,
        "P": 0.0,
        "G": 0.0,
        "alpha": 0.0,
        "taperType": "Standard",
        "transmissionType": "hypoid",
        "NOMINALDRIVEPRESSUREANGLE": 20.0,
        "NOMINALCOASTPRESSUREANGLE": 20.0,
        "NORMALMODULE": 2.939820321849927
    },
    "gear_common_data": {
        "gen_type": "generated",
        "NTEETH": 62,
        "SPIRALANGLE": 35.0,
        "OUTERCONEDIST": 132.33333847129902,
        "INNERCONEDIST": 95.50333847129902,
        "MEANCONEDIST": 113.91833847129902,
        "FACEWIDTH": 36.83,
        "FACEANGLE": 79.35903272926254,
        "BACKANGLE": 77.58528336472789,
        "FRONTANGLE": 77.58528336472789,
        "PITCHANGLE": 77.58528336472789,
        "BASECONEANGLE": 75.6638280957449,
        "PITCHAPEX": -1.0658141036401503e-14,
        "FACEAPEX": -0.7474565076452753,
        "ROOTAPEX": -9.74141541714579e-15,
        "BASECONEAPEX": -15.482119339803836,
        "MEANNORMALCHORDALTHICKNESS": 4.078495766889037,
        "MEANADDENDUM": 2.7928293057574303,
        "MEANCHORDALADDENDUM": 2.7934421683431245,
        "MEANCUTTERRAIDUS": 95.25,
        "NORMAL_THICKNESS": 4.078495766889037,
        "XVERSECIRCULAR": 4.978930479070321,
        "ShaftzB": 47.44308555772257,
        "ShaftRB": 125.05794935078409,
        "ShaftzA": 38.31845218715814,
        "ShaftRA": 89.35477535660222,
        "ShaftDiA": 102.75799166009254,
        "ShaftDiB": 143.81664175340168,
        "zFACEHEEL": 25.165379457638434,
        "RFACEHEEL": 129.96201976357204,
        "zFACETOE": 18.361308177819677,
        "RFACETOE": 93.74801221053379,
        "zROOTHEEL": 32.78558773427673,
        "RROOTHEEL": 128.28455630387575,
        "zROOTTOE": 23.66095436371231,
        "RROOTTOE": 92.58138230969392,
        "USE_SPRD_BLD_THICKNESS": true
    },
    "pinion_common_data": {
        "gen_type": "GENERATED",
        "NTEETH": 19,
        "SPIRALANGLE": 35.0,
        "OUTERCONEDIST": 132.33333847129902,
        "INNERCONEDIST": 95.50333847129903,
        "MEANCONEDIST": 113.91833847129902,
        "FACEWIDTH": 36.83,
        "FACEANGLE": 19.336171904255103,
        "BACKANGLE": 17.414716635272136,
        "FRONTANGLE": 17.414716635272136,
        "PITCHANGLE": 17.414716635272136,
        "BASECONEANGLE": 15.64096727073747,
        "PITCHAPEX": -2.842170943040401e-14,
        "FACEAPEX": -2.2196693296425956,
        "ROOTAPEX": -0.001306176586991889,
        "BASECONEAPEX": -29.673969266908145,
        "MEANNORMALCHORDALTHICKNESS": 5.053557309850375,
        "MEANADDENDUM": 3.0868113379424234,
        "MEANCHORDALADDENDUM": 3.1473304797483532,
        "MEANCUTTERRAIDUS": 95.25,
        "NORMAL_THICKNESS": 5.053557309850375,
        "XVERSECIRCULAR": 6.171845494803774,
        "ShaftzB": 129.88966967083678,
        "ShaftRB": 28.05798329736904,
        "ShaftzA": 94.40648123594626,
        "ShaftRA": 18.12354483682092,
        "ShaftDiA": 20.842076562344054,
        "ShaftDiB": 32.266680791974395,
        "zFACEHEEL": 125.15902801383383,
        "RFACEHEEL": 43.13990263674229,
        "zFACETOE": 90.38697957449442,
        "RFACETOE": 30.9382546030432,
        "zROOTHEEL": 127.49423482943372,
        "RROOTHEEL": 35.694950474386985,
        "zROOTTOE": 92.01104639454321,
        "RROOTTOE": 25.760512013838866,
        "USE_SPRD_BLD_THICKNESS": true
    },
    "gear_machine_settings": {
        "concave": {
            "RADIALSETTING": 97.95367814746567,
            "TILTANGLE": 0,
            "SWIVELANGLE": 35.0,
            "BLANKOFFSET": 0.0,
            "SLIDINGBASE": 0.0,
            "CRADLEANGLE": 52.801158062429394,
            "MACHCTRBACK": -9.74141541714579e-15,
            "ROOTANGLE": 75.6638280957449,
            "RATIOROLL": 1.023367028989512,
            "C2": 0.0,
            "D6": 0.0,
            "E24": 0.0,
            "F120": 0.0,
            "G720": 0.0,
            "H5040": 0.0,
            "H1": 0.0,
            "H2": 0.0,
            "H3": 0.0,
            "H4": 0.0,
            "H5": 0.0,
            "H6": 0.0,
            "V1": 0.0,
            "V2": 0.0,
            "V3": 0.0,
            "V4": 0.0,
            "V5": 0.0,
            "V6": 0.0,
            "R1": 0.0,
            "R2": 0.0,
            "R3": 0.0,
            "R4": 0.0,
            "R5": 0.0,
            "R6": 0.0,
            "TLT1": 0.0,
            "TLT2": 0.0,
            "TLT3": 0.0,
            "TLT4": 0.0,
            "TLT5": 0.0,
            "TLT6": 0.0,
            "SW1": 0.0,
            "SW2": 0.0,
            "SW3": 0.0,
            "SW4": 0.0,
            "SW5": 0.0,
            "SW6": 0.0
        },
        "convex": {
            "RADIALSETTING": 97.95367814746567,
            "TILTANGLE": 0,
            "SWIVELANGLE": 35.0,
            "BLANKOFFSET": 0.0,
            "SLIDINGBASE": 0.0,
            "CRADLEANGLE": 52.801158062429394,
            "MACHCTRBACK": -9.74141541714579e-15,
            "ROOTANGLE": 75.6638280957449,
            "RATIOROLL": 1.023367028989512,
            "C2": 0.0,
            "D6": 0.0,
            "E24": 0.0,
            "F120": 0.0,
            "G720": 0.0,
            "H5040": 0.0,
            "H1": 0.0,
            "H2": 0.0,
            "H3": 0.0,
            "H4": 0.0,
            "H5": 0.0,
            "H6": 0.0,
            "V1": 0.0,
            "V2": 0.0,
            "V3": 0.0,
            "V4": 0.0,
            "V5": 0.0,
            "V6": 0.0,
            "R1": 0.0,
            "R2": 0.0,
            "R3": 0.0,
            "R4": 0.0,
            "R5": 0.0,
            "R6": 0.0,
            "TLT1": 0.0,
            "TLT2": 0.0,
            "TLT3": 0.0,
            "TLT4": 0.0,
            "TLT5": 0.0,
            "TLT6": 0.0,
            "SW1": 0.0,
            "SW2": 0.0,
            "SW3": 0.0,
            "SW4": 0.0,
            "SW5": 0.0,
            "SW6": 0.0
        }
    },
    "pinion_machine_settings": {
        "concave": {
            "RADIALSETTING": 97.95940290780507,
            "TILTANGLE": 0.0,
            "SWIVELANGLE": 0.0,
            "BLANKOFFSET": 0.0,
            "SLIDINGBASE": -0.0,
            "CRADLEANGLE": 52.79674678267486,
            "MACHCTRBACK": -0.001306176586991889,
            "ROOTANGLE": 15.64096727073747,
            "RATIOROLL": 3.339685914944047,
            "C2": 0.0,
            "D6": 0.0,
            "E24": 0.0,
            "F120": 0.0,
            "G720": 0.0,
            "H5040": 0.0,
            "H1": 0.0,
            "H2": 0.0,
            "H3": 0.0,
            "H4": 0.0,
            "H5": 0.0,
            "H6": 0.0,
            "V1": 0.0,
            "V2": 0.0,
            "V3": 0.0,
            "V4": 0.0,
            "V5": 0.0,
            "V6": 0.0,
            "R1": 0.0,
            "R2": 0.0,
            "R3": 0.0,
            "R4": 0.0,
            "R5": 0.0,
            "R6": 0.0,
            "TLT1": 0.0,
            "TLT2": 0.0,
            "TLT3": 0.0,
            "TLT4": 0.0,
            "TLT5": 0.0,
            "TLT6": 0.0,
            "SW1": 0.0,
            "SW2": 0.0,
            "SW3": 0.0,
            "SW4": 0.0,
            "SW5": 0.0,
            "SW6": 0.0
        },
        "convex": {
            "RADIALSETTING": 97.95940290780507,
            "TILTANGLE": 0.0,
            "SWIVELANGLE": 0.0,
            "BLANKOFFSET": 0.0,
            "SLIDINGBASE": -0.0,
            "CRADLEANGLE": 52.79674678267486,
            "MACHCTRBACK": -0.001306176586991889,
            "ROOTANGLE": 15.64096727073747,
            "RATIOROLL": 3.339685914944047,
            "C2": 0.0,
            "D6": 0.0,
            "E24": 0.0,
            "F120": 0.0,
            "G720": 0.0,
            "H5040": 0.0,
            "H1": 0.0,
            "H2": 0.0,
            "H3": 0.0,
            "H4": 0.0,
            "H5": 0.0,
            "H6": 0.0,
            "V1": 0.0,
            "V2": 0.0,