{
    "system_data": {
        "hand": "Left",
        "shaft_angle": 90.0,
        "ratio": 15.0,
        "hypoid_offset": 27,
        "E": 0.0,
        "P": 0.0,
        "G": 0.0,
        "alpha": 0.0,
        "taperType": "Standard",
        "transmissionType": "hypoid",
        "NOMINALDRIVEPRESSUREANGLE": 18.46699049236337,
        "NOMINALCOASTPRESSUREANGLE": 21.533009507636628,
        "NORMALMODULE": 1.639757654715801
    },
    "gear_common_data": {
        "gen_type": "generated",
        "NTEETH": 75,
        "SPIRALANGLE": 27.853199158539454,
        "OUTERCONEDIST": 75.37256053229052,
        "INNERCONEDIST": 64.37256053229052,
        "MEANCONEDIST": 69.8937256362874,
        "FACEWIDTH": 11,
        "FACEANGLE": 85.91348606916921,
        "BACKANGLE": 82.55395185985941,
        "FRONTANGLE": 84.30087121593166,
        "PITCHANGLE": 84.30087121593166,
        "BASECONEANGLE": 82.55395185985941,
        "PITCHAPEX": 0.5678569157470674,
        "FACEAPEX": 0.1570353821287464,
        "ROOTAPEX": 0.5678569157470674,
        "BASECONEAPEX": 0.2622800872468246,
        "MEANNORMALCHORDALTHICKNESS": 2.2519215272956745,
        "MEANADDENDUM": 1.557769771980011,
        "MEANCHORDALADDENDUM": 1.5578423287766812,
        "MEANCUTTERRAIDUS": 57.15,
        "NORMAL_THICKNESS": 2.2519215272956745,
        "XVERSECIRCULAR": 2.5469981225406793,
        "ShaftzB": 9.49577078007216,
        "ShaftRB": 74.66296667346076,
        "ShaftzA": 8.079869016956179,
        "ShaftRA": 63.829304542586044,
        "ShaftDiA": 73.40370022397394,
        "ShaftDiB": 85.86241167447986,
        "zFACEHEEL": 5.217159780177913,
        "RFACEHEEL": 75.22215827324055,
        "zFACETOE": 4.429234211764907,
        "RFACETOE": 64.19363027515105,
        "zROOTHEEL": 9.195325879028472,
        "RROOTHEEL": 74.70223321694051,
        "zROOTTOE": 7.778226527730478,
        "RROOTTOE": 63.85940783330786,
        "USE_SPRD_BLD_THICKNESS": true
    },
    "pinion_common_data": {
        "gen_type": "GENERATED",
        "NTEETH": 5,
        "SPIRALANGLE": 49.99892736107652,
        "OUTERCONEDIST": 75.94792487855081,
        "INNERCONEDIST": 62.583373780749376,
        "MEANCONEDIST": 69.28681443364697,
        "FACEWIDTH": 13.364551097801431,
        "FACEANGLE": 6.8734771973588575,
        "BACKANGLE": 3.7698495802501517,
        "FRONTANGLE": 5.2811640966231135,
        "PITCHANGLE": 5.2811640966231135,
        "BASECONEANGLE": 3.7698495802501517,
        "PITCHAPEX": 4.796812749419601,
        "FACEAPEX": 3.0857756264610585,
        "ROOTAPEX": 2.6698052462126918,
        "BASECONEAPEX": -40.95074676262481,
        "MEANNORMALCHORDALTHICKNESS": 2.7918104264506467,
        "MEANADDENDUM": 1.721745537451591,
        "MEANCHORDALADDENDUM": 1.7949348161893064,
        "MEANCUTTERRAIDUS": 57.15,
        "NORMAL_THICKNESS": 2.7918104264506467,
        "XVERSECIRCULAR": 4.351212436261662,
        "ShaftzB": 71.15817650956598,
        "ShaftRB": 1.9904098228304843,
        "ShaftzA": 57.94982282444259,
        "ShaftRA": 1.1200929127679538,
        "ShaftDiA": 1.2881068496831467,
        "ShaftDiB": 2.2889712962550566,
        "zFACEHEEL": 70.70323686086137,
        "RFACEHEEL": 8.894795703422469,
        "zFACETOE": 57.37962202302534,
        "RFACETOE": 7.288718754852371,
        "zROOTHEEL": 70.96960888212436,
        "RROOTHEEL": 4.852204058948978,
        "zROOTTOE": 57.68575095271025,
        "RROOTTOE": 3.9769120685581756,
        "USE_SPRD_BLD_THICKNESS": true
    },
    "gear_machine_settings": {
        "concave": {
            "RADIALSETTING": 66.45296162314574,
            "TILTANGLE": 0,
            "SWIVELANGLE": 27.853199158539454,
            "BLANKOFFSET": 0.0,
            "SLIDINGBASE": 0.0,
            "CRADLEANGLE": 49.49708502786791,
            "MACHCTRBACK": 0.5678569157470674,
            "ROOTANGLE": 82.55395185985941,
            "RATIOROLL": 1.0045003964056403,
            "C2": 0.0,
            "D6": 0.0,
            "E24": 0.0,
            "F120": 0.0,
            "G720": 0.0,
            "H5040": 0.0,
            "H1": 0.0,
            "H2": 0.0,
            "H3": 0.0,
            "H4": 0.0,
            "H5": 0.0,
            "H6": 0.0,
            "V1": 0.0,
            "V2": 0.0,
            "V3": 0.0,
            "V4": 0.0,
            "V5": 0.0,
            "V6": 0.0,
            "R1": 0.0,
            "R2": 0.0,
            "R3": 0.0,
            "R4": 0.0,
            "R5": 0.0,
            "R6": 0.0,
            "TLT1": 0.0,
            "TLT2": 0.0,
            "TLT3": 0.0,
            "TLT4": 0.0,
            "TLT5": 0.0,
            "TLT6": 0.0,
            "SW1": 0.0,
            "SW2": 0.0,
            "SW3": 0.0,
            "SW4": 0.0,
            "SW5": 0.0,
            "SW6": 0.0,
            "Horizontal": 0.0,
            "Vertical": 0.0
        },
        "convex": {
            "RADIALSETTING": 66.45296162314574,
            "TILTANGLE": 0,
            "SWIVELANGLE": 27.853199158539454,
            "BLANKOFFSET": 0.0,
            "SLIDINGBASE": 0.0,
            "CRADLEANGLE": 49.49708502786791,
            "MACHCTRBACK": 0.5678569157470674,
            "ROOTANGLE": 82.55395185985941,
            "RATIOROLL": 1.0045003964056403,
            "C2": 0.0,
            "D6": 0.0,
            "E24": 0.0,
            "F120": 0.0,
            "G720": 0.0,
            "H5040": 0.0,
            "H1": 0.0,
            "H2": 0.0,
            "H3": 0.0,
            "H4": 0.0,
            "H5": 0.0,
            "H6": 0.0,
            "V1": 0.0,
            "V2": 0.0,
            "V3": 0.0,
            "V4": 0.0,
            "V5": 0.0,
            "V6": 0.0,
            "R1": 0.0,
            "R2": 0.0,
            "R3": 0.0,
            "R4": 0.0,
            "R5": 0.0,
            "R6": 0.0,
            "TLT1": 0.0,
            "TLT2": 0.0,
            "TLT3": 0.0,
            "TLT4": 0.0,
            "TLT5": 0.0,
            "TLT6": 0.0,
            "SW1": 0.0,
            "SW2": 0.0,
            "SW3": 0.0,
            "SW4": 0.0,
            "SW5": 0.0,
            "SW6": 0.0,
            "Horizontal": 0.0,
            "Vertical": 0.0
        }
    },
    "pinion_machine_settings": {
        "concave": {
            "RADIALSETTING": 44.709904573355544,
            "TILTANGLE": 0.0,
            "SWIVELANGLE": 0.0,
            "BLANKOFFSET": 0.0,
            "SLIDINGBASE": -0.0,
            "CRADLEANGLE": 55.25084377457605,
            "MACHCTRBACK": 2.6698052462126918,
            "ROOTANGLE": 3.7698495802501517,
            "RATIOROLL": 10.860679636894186,
            "C2": 0.0,
            "D6": 0.0,
            "E24": 0.0,
            "F120": 0.0,
            "G720": 0.0,
            "H5040": 0.0,
            "H1": 0.0,
            "H2": 0.0,
            "H3": 0.0,
            "H4": 0.0,
            "H5": 0.0,
            "H6": 0.0,
            "V1": 0.0,
            "V2": 0.0,
            "V3": 0.0,
            "V4": 0.0,
            "V5": 0.0,
            "V6": 0.0,
            "R1": 0.0,
            "R2": 0.0,
            "R3": 0.0,
            "R4": 0.0,
            "R5": 0.0,
            "R6": 0.0,
            "TLT1": 0.0,
            "TLT2": 0.0,
            "TLT3": 0.0,
            "TLT4": 0.0,
            "TLT5": 0.0,
            "TLT6": 0.0,
            "SW1": 0.0,
            "SW2": 0.0,
            "SW3": 0.0,
            "SW4": 0.0,
            "SW5": 0.0,
            "SW6": 0.0,
            "Horizontal": 0.0,
            "Vertical": 0.0
        },
        "convex": {
            "RADIALSETTING": 44.709904573355544,
            "TILTANGLE": 0.0,
            "SWIVELANGLE": 0.0,
            "BLANKOFFSET": 0.0,
            "SLIDINGBASE": -0.0,
            "CRADLEANGLE": 55.25084377457605,
            "MACHCTRBACK": 2.6698052462126918,
            "ROOTANGLE": 3.7698495802501517,
            "RATIOROLL": 10.860679636894186,
            "C2": 0.0,
            "D6": 0.0,
            "E24": 0.0,
            "F120": 0.0,