{
    "system_data": {
        "hand": "Right",
        "shaft_angle": 90.0,
        "ratio": 10,
        "hypoid_offset": 19,
        "E": 0.0,
        "P": 0.0,
        "G": 0.0,
        "alpha": 0.0,
        "taperType": "Standard",
        "transmissionType": "hypoid",
        "NOMINALDRIVEPRESSUREANGLE": 16.650745351816333,
        "NOMINALCOASTPRESSUREANGLE": 23.349254648183667,
        "NORMALMODULE": 1.06219349101243
    },
    "gear_common_data": {
        "gen_type": "generated",
        "NTEETH": 70,
        "SPIRALANGLE": 23.65634166944338,
        "OUTERCONEDIST": 45.43464463995921,
        "INNERCONEDIST": 36.43464463995921,
        "MEANCONEDIST": 40.9794111858764,
        "FACEWIDTH": 9,
        "FACEANGLE": 82.92975297502853,
        "BACKANGLE": 79.13049700469291,
        "FRONTANGLE": 82.0684502278688,
        "PITCHANGLE": 82.0684502278688,
        "BASECONEANGLE": 79.13049700469291,
        "PITCHAPEX": -0.14119469831917275,
        "FACEAPEX": -0.44085388369621437,
        "ROOTAPEX": -0.1411946983191732,
        "BASECONEAPEX": -5.2325373360405205,
        "MEANNORMALCHORDALTHICKNESS": 0.924502441946771,
        "MEANADDENDUM": 0.31865804730372904,
        "MEANCHORDALADDENDUM": 0.31870104373616287,
        "MEANCUTTERRAIDUS": 38.1,
        "NORMAL_THICKNESS": 0.924502441946771,
        "XVERSECIRCULAR": 1.009317041710872,
        "ShaftzB": 13.60796530190983,
        "ShaftRB": 43.61800135202037,
        "ShaftzA": 11.979503813792727,
        "ShaftRA": 35.137212587570346,
        "ShaftDiA": 40.40779447570589,
        "ShaftDiB": 50.160701554823426,
        "zFACEHEEL": 6.0312095666155345,
        "RFACEHEEL": 45.072872504043126,
        "zFACETOE": 4.920870764880941,
        "RFACETOE": 36.12064082408302,
        "zROOTHEEL": 8.69766918183003,
        "RROOTHEEL": 44.56086508190356,
        "zROOTTOE": 7.020818092645774,
        "RROOTTOE": 35.82807036702666,
        "USE_SPRD_BLD_THICKNESS": true
    },
    "pinion_common_data": {
        "gen_type": "GENERATED",
        "NTEETH": 7,
        "SPIRALANGLE": 50.19269876778105,
        "OUTERCONEDIST": 52.286660685805884,
        "INNERCONEDIST": 41.521054534005835,
        "MEANCONEDIST": 46.94862415582305,
        "FACEWIDTH": 10.76560615180005,
        "FACEANGLE": 9.663502919922786,
        "BACKANGLE": 6.274497062996041,
        "FRONTANGLE": 7.105002657214907,
        "PITCHANGLE": 7.105002657214907,
        "BASECONEANGLE": 6.274497062996041,
        "PITCHAPEX": 10.528676055403771,
        "FACEAPEX": 8.779403742020698,
        "ROOTAPEX": 11.124438831281928,
        "BASECONEAPEX": -25.474804142203027,
        "MEANNORMALCHORDALTHICKNESS": 2.279429338744626,
        "MEANADDENDUM": 1.805728934721131,
        "MEANCHORDALADDENDUM": 1.8585864649230817,
        "MEANCUTTERRAIDUS": 38.1,
        "NORMAL_THICKNESS": 2.279429338744626,
        "XVERSECIRCULAR": 3.5656359612481725,
        "ShaftzB": 41.86936329872681,
        "ShaftRB": 1.8025902147413997,
        "ShaftzA": 31.2347411441824,
        "ShaftRA": 0.6333080370241833,
        "ShaftDiA": 0.7283042425778107,
        "ShaftDiB": 2.0729787469526095,
        "zFACEHEEL": 41.13309182521688,
        "RFACEHEEL": 8.49897973744337,
        "zFACETOE": 30.48041798773937,
        "RFACETOE": 6.685068049290021,
        "zROOTHEEL": 41.43219578650282,
        "RROOTHEEL": 5.778629018155658,
        "zROOTTOE": 30.73993668587677,
        "RROOTTOE": 4.603009628560867,
        "USE_SPRD_BLD_THICKNESS": true
    },
    "gear_machine_settings": {
        "concave": {
            "RADIALSETTING": 43.30360080900729,
            "TILTANGLE": 0,
            "SWIVELANGLE": 23.65634166944338,
            "BLANKOFFSET": 0.0,
            "SLIDINGBASE": 0.0,
            "CRADLEANGLE": 53.697334258980774,
            "MACHCTRBACK": -0.1411946983191732,
            "ROOTANGLE": 79.13049700469291,
            "RATIOROLL": 1.0083316994010842,
            "C2": 0.0,
            "D6": 0.0,
            "E24": 0.0,
            "F120": 0.0,
            "G720": 0.0,
            "H5040": 0.0,
            "H1": 0.0,
            "H2": 0.0,
            "H3": 0.0,
            "H4": 0.0,
            "H5": 0.0,
            "H6": 0.0,
            "V1": 0.0,
            "V2": 0.0,
            "V3": 0.0,
            "V4": 0.0,
            "V5": 0.0,
            "V6": 0.0,
            "R1": 0.0,
            "R2": 0.0,
            "R3": 0.0,
            "R4": 0.0,
            "R5": 0.0,
            "R6": 0.0,
            "TLT1": 0.0,
            "TLT2": 0.0,
            "TLT3": 0.0,
            "TLT4": 0.0,
            "TLT5": 0.0,
            "TLT6": 0.0,
            "SW1": 0.0,
            "SW2": 0.0,
            "SW3": 0.0,
            "SW4": 0.0,
            "SW5": 0.0,
            "SW6": 0.0,
            "Horizontal": 0.0,
            "Vertical": 0.0
        },
        "convex": {
            "RADIALSETTING": 43.30360080900729,
            "TILTANGLE": 0,
            "SWIVELANGLE": 23.65634166944338,
            "BLANKOFFSET": 0.0,
            "SLIDINGBASE": 0.0,
            "CRADLEANGLE": 53.697334258980774,
            "MACHCTRBACK": -0.1411946983191732,
            "ROOTANGLE": 79.13049700469291,
            "RATIOROLL": 1.0083316994010842,
            "C2": 0.0,
            "D6": 0.0,
            "E24": 0.0,
            "F120": 0.0,
            "G720": 0.0,
            "H5040": 0.0,
            "H1": 0.0,
            "H2": 0.0,
            "H3": 0.0,
            "H4": 0.0,
            "H5": 0.0,
            "H6": 0.0,
            "V1": 0.0,
            "V2": 0.0,
            "V3": 0.0,
            "V4": 0.0,
            "V5": 0.0,
            "V6": 0.0,
            "R1": 0.0,
            "R2": 0.0,
            "R3": 0.0,
            "R4": 0.0,
            "R5": 0.0,
            "R6": 0.0,
            "TLT1": 0.0,
            "TLT2": 0.0,
            "TLT3": 0.0,
            "TLT4": 0.0,
            "TLT5": 0.0,
            "TLT6": 0.0,
            "SW1": 0.0,
            "SW2": 0.0,
            "SW3": 0.0,
            "SW4": 0.0,
            "SW5": 0.0,
            "SW6": 0.0,
            "Horizontal": 0.0,
            "Vertical": 0.0
        }
    },
    "pinion_machine_settings": {
        "concave": {
            "RADIALSETTING": 30.12271349093781,
            "TILTANGLE": 0.0,
            "SWIVELANGLE": 0.0,
            "BLANKOFFSET": 0.0,
            "SLIDINGBASE": 0.0,
            "CRADLEANGLE": 54.07164972157829,
            "MACHCTRBACK": 11.124438831281928,
            "ROOTANGLE": 6.274497062996041,
            "RATIOROLL": 8.084001534055098,
            "C2": 0.0,
            "D6": 0.0,
            "E24": 0.0,
            "F120": 0.0,
            "G720": 0.0,
            "H5040": 0.0,
            "H1": 0.0,
            "H2": 0.0,
            "H3": 0.0,
            "H4": 0.0,
            "H5": 0.0,
            "H6": 0.0,
            "V1": 0.0,
            "V2": 0.0,
            "V3": 0.0,
            "V4": 0.0,
            "V5": 0.0,
            "V6": 0.0,
            "R1": 0.0,
            "R2": 0.0,
            "R3": 0.0,
            "R4": 0.0,
            "R5": 0.0,
            "R6": 0.0,
            "TLT1": 0.0,
            "TLT2": 0.0,
            "TLT3": 0.0,
            "TLT4": 0.0,
            "TLT5": 0.0,
            "TLT6": 0.0,
            "SW1": 0.0,
            "SW2": 0.0,
            "SW3": 0.0,
            "SW4": 0.0,
            "SW5": 0.0,
            "SW6": 0.0,
            "Horizontal": 0.0,
            "Vertical": 0.0
        },
        "convex": {
            "RADIALSETTING": 30.12271349093781,
            "TILTANGLE": 0.0,
            "SWIVELANGLE": 0.0,
            "BLANKOFFSET": 0.0,
            "SLIDINGBASE": 0.0,
            "CRADLEANGLE": 54.07164972157829,
            "MACHCTRBACK": 11.124438831281928,
            "ROOTANGLE": 6.274497062996041,
            "RATIOROLL": 8.084001534055098,
            "C2": 0.0,
            "D6": 0.0,
            "E24": 0.0,
            "F120": 0.0,
            "G720": 0.0,