{
    "system_data": {
        "hand": "Left",
        "shaft_angle": 90.0,
        "ratio": 12.0,
        "hypoid_offset": 18.5,
        "E": 0.0,
        "P": 0.0,
        "G": 0.0,
        "alpha": 0.0,
        "taperType": "Standard",
        "transmissionType": "hypoid",
        "NOMINALDRIVEPRESSUREANGLE": 16.350667323293663,
        "NOMINALCOASTPRESSUREANGLE": 23.649332676706333,
        "NORMALMODULE": 0.789654254794434
    },
    "gear_common_data": {
        "gen_type": "generated",
        "NTEETH": 72,
        "SPIRALANGLE": 8.956125737558448,
        "OUTERCONEDIST": 33.08224000695531,
        "INNERCONEDIST": 25.08224000695531,
        "MEANCONEDIST": 29.09347084308569,
        "FACEWIDTH": 8,
        "FACEANGLE": 82.02696392655768,
        "BACKANGLE": 81.56043805439708,
        "FRONTANGLE": 81.56043805439708,
        "PITCHANGLE": 81.56043805439708,
        "BASECONEANGLE": 78.14323028618327,
        "PITCHAPEX": 0.9030740534663622,
        "FACEAPEX": 0.7436069418248066,
        "ROOTAPEX": 0.9030740534663617,
        "BASECONEAPEX": 0.6568200494131416,
        "MEANNORMALCHORDALTHICKNESS": 0.6724096207781948,
        "MEANADDENDUM": 0.07896542547944346,
        "MEANCHORDALADDENDUM": 0.07900682234127067,
        "MEANCUTTERRAIDUS": 22.25,
        "NORMAL_THICKNESS": 0.6724096207781948,
        "XVERSECIRCULAR": 0.6807092518935973,
        "ShaftzB": 6.145118039750438,
        "ShaftRB": 32.39864201532297,
        "ShaftzA": 4.498463591704726,
        "ShaftRA": 24.555382155289088,
        "ShaftDiA": 28.238689478582447,
        "ShaftDiB": 37.25843831762141,
        "zFACEHEEL": 3.842038842861196,
        "RFACEHEEL": 32.74035624915261,
        "zFACETOE": 2.732345607711406,
        "RFACETOE": 24.81742596801085,
        "zROOTHEEL": 5.906303153879732,
        "RROOTHEEL": 32.43407564081994,
        "zROOTTOE": 4.259648705834021,
        "RROOTTOE": 24.59081578078606,
        "USE_SPRD_BLD_THICKNESS": true
    },
    "pinion_common_data": {
        "gen_type": "GENERATED",
        "NTEETH": 6,
        "SPIRALANGLE": 45.4991356465288,
        "OUTERCONEDIST": 33.41452319620706,
        "INNERCONEDIST": 23.57577725710568,
        "MEANCONEDIST": 28.553683276167074,
        "FACEWIDTH": 9.838745939101376,
        "FACEANGLE": 9.206339308766054,
        "BACKANGLE": 6.797819514129143,
        "FRONTANGLE": 6.797819514129143,
        "PITCHANGLE": 6.797819514129143,
        "BASECONEANGLE": 6.167728146684386,
        "PITCHAPEX": 6.047632801708421,
        "FACEAPEX": 10.369787030409885,
        "ROOTAPEX": 9.72179525703851,
        "BASECONEAPEX": -5.710162317923105,
        "MEANNORMALCHORDALTHICKNESS": 1.6769652760681109,
        "MEANADDENDUM": 1.5003430841094245,
        "MEANCHORDALADDENDUM": 1.55709034085745,
        "MEANCUTTERRAIDUS": 22.25,
        "NORMAL_THICKNESS": 1.6769652760681109,
        "XVERSECIRCULAR": 2.3999228532453083,
        "ShaftzB": 27.325019093915067,
        "ShaftRB": 2.3358073763567604,
        "ShaftzA": 17.54263186470402,
        "ShaftRA": 1.2786746604116326,
        "ShaftDiA": 1.4704758594733773,
        "ShaftDiB": 2.6861784828102744,
        "zFACEHEEL": 26.88370474350367,
        "RFACEHEEL": 6.037979053743101,
        "zFACETOE": 17.163108676238178,
        "RFACETOE": 4.462482297620344,
        "zROOTHEEL": 27.12875610100131,
        "RROOTHEEL": 3.982251216234247,
        "zROOTTOE": 17.346368871790265,
        "RROOTTOE": 2.9251185002891193,
        "USE_SPRD_BLD_THICKNESS": true
    },
    "gear_machine_settings": {
        "concave": {
            "RADIALSETTING": 33.723782563168065,
            "TILTANGLE": 0,
            "SWIVELANGLE": 8.956125737558448,
            "BLANKOFFSET": 0.0,
            "SLIDINGBASE": 0.0,
            "CRADLEANGLE": 40.67199276871111,
            "MACHCTRBACK": 0.9030740534663617,
            "ROOTANGLE": 78.14323028618327,
            "RATIOROLL": 1.0091498238115564,
            "C2": 0.0,
            "D6": 0.0,
            "E24": 0.0,
            "F120": 0.0,
            "G720": 0.0,
            "H5040": 0.0,
            "H1": 0.0,
            "H2": 0.0,
            "H3": 0.0,
            "H4": 0.0,
            "H5": 0.0,
            "H6": 0.0,
            "V1": 0.0,
            "V2": 0.0,
            "V3": 0.0,
            "V4": 0.0,
            "V5": 0.0,
            "V6": 0.0,
            "R1": 0.0,
            "R2": 0.0,
            "R3": 0.0,
            "R4": 0.0,
            "R5": 0.0,
            "R6": 0.0,
            "TLT1": 0.0,
            "TLT2": 0.0,
            "TLT3": 0.0,
            "TLT4": 0.0,
            "TLT5": 0.0,
            "TLT6": 0.0,
            "SW1": 0.0,
            "SW2": 0.0,
            "SW3": 0.0,
            "SW4": 0.0,
            "SW5": 0.0,
            "SW6": 0.0,
            "Horizontal": 0.0,
            "Vertical": 0.0
        },
        "convex": {
            "RADIALSETTING": 33.723782563168065,
            "TILTANGLE": 0,
            "SWIVELANGLE": 8.956125737558448,
            "BLANKOFFSET": 0.0,
            "SLIDINGBASE": 0.0,
            "CRADLEANGLE": 40.67199276871111,
            "MACHCTRBACK": 0.9030740534663617,
            "ROOTANGLE": 78.14323028618327,
            "RATIOROLL": 1.0091498238115564,
            "C2": 0.0,
            "D6": 0.0,
            "E24": 0.0,
            "F120": 0.0,
            "G720": 0.0,
            "H5040": 0.0,
            "H1": 0.0,
            "H2": 0.0,
            "H3": 0.0,
            "H4": 0.0,
            "H5": 0.0,
            "H6": 0.0,
            "V1": 0.0,
            "V2": 0.0,
            "V3": 0.0,
            "V4": 0.0,
            "V5": 0.0,
            "V6": 0.0,
            "R1": 0.0,
            "R2": 0.0,
            "R3": 0.0,
            "R4": 0.0,
            "R5": 0.0,
            "R6": 0.0,
            "TLT1": 0.0,
            "TLT2": 0.0,
            "TLT3": 0.0,
            "TLT4": 0.0,
            "TLT5": 0.0,
            "TLT6": 0.0,
            "SW1": 0.0,
            "SW2": 0.0,
            "SW3": 0.0,
            "SW4": 0.0,
            "SW5": 0.0,
            "SW6": 0.0,
            "Horizontal": 0.0,
            "Vertical": 0.0
        }
    },
    "pinion_machine_settings": {
        "concave": {
            "RADIALSETTING": 20.101273502361188,
            "TILTANGLE": 0.0,
            "SWIVELANGLE": 0.0,
            "BLANKOFFSET": 0.0,
            "SLIDINGBASE": 0.0,
            "CRADLEANGLE": 50.88169707215867,
            "MACHCTRBACK": 9.72179525703851,
            "ROOTANGLE": 6.167728146684386,
            "RATIOROLL": 8.447848345656132,
            "C2": 0.0,
            "D6": 0.0,
            "E24": 0.0,
            "F120": 0.0,
            "G720": 0.0,
            "H5040": 0.0,
            "H1": 0.0,
            "H2": 0.0,
            "H3": 0.0,
            "H4": 0.0,
            "H5": 0.0,
            "H6": 0.0,
            "V1": 0.0,
            "V2": 0.0,
            "V3": 0.0,
            "V4": 0.0,
            "V5": 0.0,
            "V6": 0.0,
            "R1": 0.0,
            "R2": 0.0,
            "R3": 0.0,
            "R4": 0.0,
            "R5": 0.0,
            "R6": 0.0,
            "TLT1": 0.0,
            "TLT2": 0.0,
            "TLT3": 0.0,
            "TLT4": 0.0,
            "TLT5": 0.0,
            "TLT6": 0.0,
            "SW1": 0.0,
            "SW2": 0.0,
            "SW3": 0.0,
            "SW4": 0.0,
            "SW5": 0.0,
            "SW6": 0.0,
            "Horizontal": 0.0,
            "Vertical": 0.0
        },
        "convex": {
            "RADIALSETTING": 20.101273502361188,
            "TILTANGLE": 0.0,
            "SWIVELANGLE": 0.0,
            "BLANKOFFSET": 0.0,
            "SLIDINGBASE": 0.0,
            "CRADLEANGLE": 50.88169707215867,
            "MACHCTRBACK": 9.72179525703851,
            "ROOTANGLE": 6.167728146684386,
            "RATIOROLL": 8.447848345656132,
            "C2": 0.0,
            "D6": 0.0,
            "E24": 0.0,
            "F120": 0.0,
            "G720": 0.0,