{
    "system_data": {
        "hand": "Left",
        "shaft_angle": 90.0,
        "ratio": 15,
        "hypoid_offset": 27,
        "E": 0.0,
        "P": 0.0,
        "G": 0.0,
        "alpha": 0.0,
        "taperType": "Standard",
        "transmissionType": "hypoid",
        "NOMINALDRIVEPRESSUREANGLE": 18.46699049236337,
        "NOMINALCOASTPRESSUREANGLE": 21.533009507636628,
        "NORMALMODULE": 1.639757654715801
    },
    "gear_common_data": {
        "gen_type": "generated",
        "NTEETH": 75,
        "SPIRALANGLE": 27.853199158539454,
        "OUTERCONEDIST": 75.37256053229052,
        "INNERCONEDIST": 64.37256053229052,
        "MEANCONEDIST": 69.8937256362874,
        "FACEWIDTH": 11,
        "FACEANGLE": 84.93261992943258,
        "BACKANGLE": 81.57420411642003,
        "FRONTANGLE": 84.30087121593166,
        "PITCHANGLE": 84.30087121593166,
        "BASECONEANGLE": 81.57420411642003,
        "PITCHAPEX": 0.5678569157470674,
        "FACEAPEX": 0.15633398925936526,
        "ROOTAPEX": 0.567856915747067,
        "BASECONEAPEX": -5.497610937478834,
        "MEANNORMALCHORDALTHICKNESS": 1.3651763811260067,
        "MEANADDENDUM": 0.3607466840374762,
        "MEANCHORDALADDENDUM": 0.36077334949328954,
        "MEANCUTTERRAIDUS": 57.15,
        "NORMAL_THICKNESS": 1.3651763811260067,
        "XVERSECIRCULAR": 1.54405960427265,
        "ShaftzB": 16.399099284502363,
        "ShaftRB": 73.59544096068254,
        "ShaftzA": 14.852352426113194,
        "ShaftRA": 63.15342483645472,
        "ShaftDiA": 72.62643856192292,
        "ShaftDiB": 84.63475710478491,
        "zFACEHEEL": 6.499681676115563,
        "RFACEHEEL": 75.06181420733245,
        "zFACETOE": 5.526250597892236,
        "RFACETOE": 64.08415032992527,
        "zROOTHEEL": 10.463860508015648,
        "RROOTHEEL": 74.47461140268368,
        "zROOTTOE": 8.875242913857813,
        "RROOTTOE": 63.74992788808209,
        "USE_SPRD_BLD_THICKNESS": true
    },
    "pinion_common_data": {
        "gen_type": "GENERATED",
        "NTEETH": 5,
        "SPIRALANGLE": 49.99892736107652,
        "OUTERCONEDIST": 75.94779546308366,
        "INNERCONEDIST": 62.58350319621651,
        "MEANCONEDIST": 69.28681443364697,
        "FACEWIDTH": 13.364292266867148,
        "FACEANGLE": 7.779096679563346,
        "BACKANGLE": 4.675670862111397,
        "FRONTANGLE": 5.2811640966231135,
        "PITCHANGLE": 5.2811640966231135,
        "BASECONEANGLE": 4.675670862111397,
        "PITCHAPEX": 4.796812749419601,
        "FACEAPEX": 4.016616565362128,
        "ROOTAPEX": 4.326981687228322,
        "BASECONEAPEX": -57.0111923754515,
        "MEANNORMALCHORDALTHICKNESS": 3.641460337181004,
        "MEANADDENDUM": 2.918768625394126,
        "MEANCHORDALADDENDUM": 3.0435288226512274,
        "MEANCUTTERRAIDUS": 57.15,
        "NORMAL_THICKNESS": 3.641460337181004,
        "XVERSECIRCULAR": 5.682847252341966,
        "ShaftzB": 71.30470696823666,
        "ShaftRB": 1.1690306380385183,
        "ShaftzA": 58.045668562688455,
        "ShaftRA": 0.084607207650083,
        "ShaftDiA": 0.09729828879759544,
        "ShaftDiB": 1.3443852337442959,
        "zFACEHEEL": 70.56698932878191,
        "RFACEHEEL": 10.18896347965667,
        "zFACETOE": 57.279457695029016,
        "RFACETOE": 8.373736488040795,
        "zROOTHEEL": 70.89713044053545,
        "RROOTHEEL": 6.1523910879826085,
        "zROOTTOE": 57.58542666600006,
        "RROOTTOE": 5.063660289416111,
        "USE_SPRD_BLD_THICKNESS": true
    },
    "gear_machine_settings": {
        "concave": {
            "RADIALSETTING": 66.42267492438451,
            "TILTANGLE": 0,
            "SWIVELANGLE": 27.853199158539454,
            "BLANKOFFSET": 0.0,
            "SLIDINGBASE": 0.0,
            "CRADLEANGLE": 49.52768002094436,
            "MACHCTRBACK": 0.567856915747067,
            "ROOTANGLE": 81.57420411642003,
            "RATIOROLL": 1.0038296918765977,
            "C2": 0.0,
            "D6": 0.0,
            "E24": 0.0,
            "F120": 0.0,
            "G720": 0.0,
            "H5040": 0.0,
            "H1": 0.0,
            "H2": 0.0,
            "H3": 0.0,
            "H4": 0.0,
            "H5": 0.0,
            "H6": 0.0,
            "V1": 0.0,
            "V2": 0.0,
            "V3": 0.0,
            "V4": 0.0,
            "V5": 0.0,
            "V6": 0.0,
            "R1": 0.0,
            "R2": 0.0,
            "R3": 0.0,
            "R4": 0.0,
            "R5": 0.0,
            "R6": 0.0,
            "TLT1": 0.0,
            "TLT2": 0.0,
            "TLT3": 0.0,
            "TLT4": 0.0,
            "TLT5": 0.0,
            "TLT6": 0.0,
            "SW1": 0.0,
            "SW2": 0.0,
            "SW3": 0.0,
            "SW4": 0.0,
            "SW5": 0.0,
            "SW6": 0.0,
            "Horizontal": 0.0,
            "Vertical": 0.0
        },
        "convex": {
            "RADIALSETTING": 66.42267492438451,
            "TILTANGLE": 0,
            "SWIVELANGLE": 27.853199158539454,
            "BLANKOFFSET": 0.0,
            "SLIDINGBASE": 0.0,
            "CRADLEANGLE": 49.52768002094436,
            "MACHCTRBACK": 0.567856915747067,
            "ROOTANGLE": 81.57420411642003,
            "RATIOROLL": 1.0038296918765977,
            "C2": 0.0,
            "D6": 0.0,
            "E24": 0.0,
            "F120": 0.0,
            "G720": 0.0,
            "H5040": 0.0,
            "H1": 0.0,
            "H2": 0.0,
            "H3": 0.0,
            "H4": 0.0,
            "H5": 0.0,
            "H6": 0.0,
            "V1": 0.0,
            "V2": 0.0,
            "V3": 0.0,
            "V4": 0.0,
            "V5": 0.0,
            "V6": 0.0,
            "R1": 0.0,
            "R2": 0.0,
            "R3": 0.0,
            "R4": 0.0,
            "R5": 0.0,
            "R6": 0.0,
            "TLT1": 0.0,
            "TLT2": 0.0,
            "TLT3": 0.0,
            "TLT4": 0.0,
            "TLT5": 0.0,
            "TLT6": 0.0,
            "SW1": 0.0,
            "SW2": 0.0,
            "SW3": 0.0,
            "SW4": 0.0,
            "SW5": 0.0,
            "SW6": 0.0,
            "Horizontal": 0.0,
            "Vertical": 0.0
        }
    },
    "pinion_machine_settings": {
        "concave": {
            "RADIALSETTING": 44.72144042249266,
            "TILTANGLE": 0.0,
            "SWIVELANGLE": 0.0,
            "BLANKOFFSET": 0.0,
            "SLIDINGBASE": -0.0,
            "CRADLEANGLE": 55.229544413039854,
            "MACHCTRBACK": 4.326981687228322,
            "ROOTANGLE": 4.675670862111397,
            "RATIOROLL": 10.863852326302133,
            "C2": 0.0,
            "D6": 0.0,
            "E24": 0.0,
            "F120": 0.0,
            "G720": 0.0,
            "H5040": 0.0,
            "H1": 0.0,
            "H2": 0.0,
            "H3": 0.0,
            "H4": 0.0,
            "H5": 0.0,
            "H6": 0.0,
            "V1": 0.0,
            "V2": 0.0,
            "V3": 0.0,
            "V4": 0.0,
            "V5": 0.0,
            "V6": 0.0,
            "R1": 0.0,
            "R2": 0.0,
            "R3": 0.0,
            "R4": 0.0,
            "R5": 0.0,
            "R6": 0.0,
            "TLT1": 0.0,
            "TLT2": 0.0,
            "TLT3": 0.0,
            "TLT4": 0.0,
            "TLT5": 0.0,
            "TLT6": 0.0,
            "SW1": 0.0,
            "SW2": 0.0,
            "SW3": 0.0,
            "SW4": 0.0,
            "SW5": 0.0,
            "SW6": 0.0,
            "Horizontal": 0.0,
            "Vertical": 0.0
        },
        "convex": {
            "RADIALSETTING": 44.72144042249266,
            "TILTANGLE": 0.0,
            "SWIVELANGLE": 0.0,
            "BLANKOFFSET": 0.0,
            "SLIDINGBASE": -0.0,
            "CRADLEANGLE": 55.229544413039854,
            "MACHCTRBACK": 4.326981687228322,
            "ROOTANGLE": 4.675670862111397,
            "RATIOROLL": 10.863852326302133,
            "C2": 0.0,
            "D6": 0.0,
            "E24": 0.0,
            "F120": 0.0,
            "G720": 0.0,